-- ⚠️ ไฟล์นี้ถูกสร้างโดย scripts/generate_mock_his_seed.py — อย่าแก้ด้วยมือ
-- ข้อมูลจำลอง (สังเคราะห์ ไม่ใช่คนจริง) — วัคซีนทั้งหมดจาก อย. (vaccine_product.csv)
-- usage ย้อนหลัง 45 วัน · คลังระดับ lot · รพ. 13 แห่ง
USE mock_hosxp;

INSERT INTO hospital_info (hospital_id, name, latitude, longitude) VALUES
('HOSP_001','โรงพยาบาลสมเด็จพระเจ้าตากสินมหาราช',16.8801,99.1252),
('HOSP_002','โรงพยาบาลห้วยแถลง',15.0306,102.558),
('HOSP_003','โรงพยาบาลอุดรธานี',17.4096,102.7902),
('HOSP_004','โรงพยาบาลสมเด็จพระยุพราชบ้านดุง',17.6884,103.2598),
('HOSP_005','โรงพยาบาลหนองหาน',17.3753,103.0957),
('HOSP_006','โรงพยาบาลบ้านฉาง',12.725,101.0714),
('HOSP_007','โรงพยาบาลศิริราช',13.7595,100.4858),
('HOSP_008','โรงพยาบาลราชวิถี',13.7657,100.5316),
('HOSP_009','โรงพยาบาลจุฬาลงกรณ์ สภากาชาดไทย',13.73,100.5366),
('HOSP_010','โรงพยาบาลธรรมศาสตร์เฉลิมพระเกียรติ',14.0745,100.6055),
('HOSP_011','โรงพยาบาลสมุทรปราการ',13.5953,100.5967),
('HOSP_012','โรงพยาบาลศรีธัญญา',13.848,100.5103),
('HOSP_013','โรงพยาบาลชลบุรี',13.3622,100.9847);

-- ผู้ป่วยจำลอง (PII สังเคราะห์ — เลขบัตร/ชื่อไม่ใช่ของจริง)
INSERT INTO patient (hn, cid, fname, lname, birthday, tel) VALUES
('HN0001','1100000000001','สมชาย','ใจดี','1980-01-15','0810000001'),
('HN0002','1100000000002','สมหญิง','รักษ์ดี','1992-03-22','0810000002'),
('HN0003','1100000000003','ปิติ','มั่นคง','1975-07-09','0810000003'),
('HN0004','1100000000004','มานี','สดใส','1988-11-30','0810000004'),
('HN0005','1100000000005','วีระ','กล้าหาญ','1969-05-12','0810000005'),
('HN0006','1100000000006','กานดา','ศรีสุข','1995-09-02','0810000006'),
('HN0007','1100000000007','ธนา','รุ่งเรือง','1983-02-18','0810000007'),
('HN0008','1100000000008','ชนิดา','พูนผล','1990-12-25','0810000008'),
('HN0009','1100000000009','อนุชา','ทองดี','1978-06-07','0810000009'),
('HN0010','1100000000010','รัตนา','แก้วใส','2000-04-14','0810000010');

-- master ยา/วัคซีน + รหัสกลาง TMT — วัคซีนทั้งหมด 151 รายการจาก อย.
INSERT INTO drugitems (icode, name, units, tmt_code, is_vaccine) VALUES
('VAX_J07BC02_001','AVAXIM','dose','TMT-J07BC02',1),
('VAX_J07BC02_002','AVAXIM 80 U PEDIATRIC','dose','TMT-J07BC02',1),
('VAX_J07BC02_003','HAVRIX (TM)','dose','TMT-J07BC02',1),
('VAX_J07BC02_004','HEALIVE','dose','TMT-J07BC02',1),
('VAX_J07BC02_005','MEVAC -A','dose','TMT-J07BC02',1),
('VAX_J07BC02_006','VAQTA','dose','TMT-J07BC02',1),
('VAX_J07BC20_007','TWINRIX','dose','TMT-J07BC20',1),
('VAX_J07BD01_008','MEASLES VACCINE','dose','TMT-J07BD01',1),
('VAX_J07BD01_009','MEASLES VACCINE, LIVE, ATTENUATED (FREEZE-DRIED)','dose','TMT-J07BD01',1),
('VAX_J07BD52_010','MEASLES,MUMPS AND RUBELLA VACCINE LIVE, ATTENUATED (FREEZE - DRIED)','dose','TMT-J07BD52',1),
('VAX_J07BD52_011','M-M-R II','dose','TMT-J07BD52',1),
('VAX_J07BD52_012','PRIORIX','dose','TMT-J07BD52',1),
('VAX_J07BD53_013','MEASLES AND RUBELLA VIRUS VACCINE LIVE','dose','TMT-J07BD53',1),
('VAX_J07BD54_014','PRIORIX-TETRA','dose','TMT-J07BD54',1),
('VAX_J07BD54_015','PROQUAD®','dose','TMT-J07BD54',1),
('VAX_J07BF01_016','MONOVALENT ORAL POLIOMYELITIS VACCINE TYPE 1','dose','TMT-J07BF01',1),
('VAX_J07BF03_017','IMOVAX POLIO','dose','TMT-J07BF03',1),
('VAX_J07BF03_018','IMOVAX POLIO','dose','TMT-J07BF03',1),
('VAX_J07BF03_019','ShanIPV','dose','TMT-J07BF03',1),
('VAX_J07BF04_020','BIVALENT ORAL POLIOMYELITIS VACCINE TYPE 1 AND 3','dose','TMT-J07BF04',1),
('VAX_J07BF04_021','Oral Bivalent Types 1 and 3 Poliomyelitis Vaccine','dose','TMT-J07BF04',1),
('VAX_J07BG01_022','TRCS SPEEDA','dose','TMT-J07BG01',1),
('VAX_J07BG01_023','ABHAYRAB','dose','TMT-J07BG01',1),
('VAX_J07BG01_024','CHIRORAB','dose','TMT-J07BG01',1),
('VAX_J07BG01_025','RABIES VACCINE FOR HUMAN USE (VERO CELL), FREEZE-DRIED FINAL BULK','dose','TMT-J07BG01',1),
('VAX_J07BG01_026','RABIVAX-S','dose','TMT-J07BG01',1),
('VAX_J07BG01_027','SPEEDA (TM)','dose','TMT-J07BG01',1),
('VAX_J07BG01_028','VERO RABIES VACCINE','dose','TMT-J07BG01',1),
('VAX_J07BG01_029','VERORAB','dose','TMT-J07BG01',1),
('VAX_J07BG01_030','VERORAB','dose','TMT-J07BG01',1),
('VAX_J07BH01_031','ROTARIX (TM) (ORAL SUSPENSION)','dose','TMT-J07BH01',1),
('VAX_J07BH01_032','ROTATEQ','dose','TMT-J07BH01',1),
('VAX_J07BH01_033','ROTAVIRUS VACCINE, LIVE ATTENUATED (ORAL)(FREEZE-DRIED)','dose','TMT-J07BH01',1),
('VAX_J07BJ01_034','RUBELLA VACCINE, LIVE ATTENUATED (FREEZE-DRIED)','dose','TMT-J07BJ01',1),
('VAX_J07BK01_035','SKYVaricella Inj.','dose','TMT-J07BK01',1),
('VAX_J07BK01_036','VARICELLA VACCINE-GCC INJ.','dose','TMT-J07BK01',1),
('VAX_J07BK01_037','VARILRIX','dose','TMT-J07BK01',1),
('VAX_J07BK02_038','SKYZOSTER INJ.','dose','TMT-J07BK02',1),
('VAX_J07BK02_039','ZOSTAVAX','dose','TMT-J07BK02',1),
('VAX_J07BL01_040','STAMARIL','dose','TMT-J07BL01',1),
('VAX_J07BM01_041','GARDASIL','dose','TMT-J07BM01',1),
('VAX_J07BM02_042','CERVARIX','dose','TMT-J07BM02',1),
('VAX_J07BM03_043','GARDASIL 9','dose','TMT-J07BM03',1),
('VAX_J07BX03_044','COMIRNATYTM','dose','TMT-J07BX03',1),
('VAX_J07BX03_045','COMIRNATYTM - COMIRNATYTM : 30 microgram/dose (grey cap)','dose','TMT-J07BX03',1),
('VAX_J07BX03_046','COMIRNATYTM - COMIRNATYTM : 10 microgram/dose (Blue cap)','dose','TMT-J07BX03',1),
('VAX_J07BX03_047','COMIRNATYTM - COMIRNATYTM : 3 microgram/dose (red cap)','dose','TMT-J07BX03',1),
('VAX_J07BX03_048','COMIRNATYTM - ​COMIRNATYTM : 30 microgram/dose (grey cap) [Bi-Valent 4/5]','dose','TMT-J07BX03',1),
('VAX_J07BX03_049','CoronaVac','dose','TMT-J07BX03',1),
('VAX_J07BX03_050','​​COVID-19 Vaccine (Vero Cell), Inactivated (COVILO)','dose','TMT-J07BX03',1),
('VAX_J07AE01_051','SHANCHOL','dose','TMT-J07AE01',1),
('VAX_J07AE01_052','DUKORAL','dose','TMT-J07AE01',1),
('VAX_J07AG51_053','HIBERIX','dose','TMT-J07AG51',1),
('VAX_J07AJ51_054','TRIPVAC','dose','TMT-J07AJ51',1),
('VAX_J07AJ51_055','BOOSTRIX','dose','TMT-J07AJ51',1),
('VAX_J07AJ51_056','DTP VACCINE','dose','TMT-J07AJ51',1),
('VAX_J07AJ52_057','ADACEL','dose','TMT-J07AJ52',1),
('VAX_J07AJ52_058','BOOSTAGEN','dose','TMT-J07AJ52',1),
('VAX_J07AJ52_059','BOOSTAGENRED','dose','TMT-J07AJ52',1),
('VAX_J07AJ52_060','DIPHTHERIA-TETANUS-PERTUSSIS VACCINE ADSORBED','dose','TMT-J07AJ52',1),
('VAX_J07AJ52_061','PERTAGEN','dose','TMT-J07AJ52',1),
('VAX_J07AL01_062','PNEUMOVAX(R) 23','dose','TMT-J07AL01',1),
('VAX_J07AL02_063','​PREVNAR 13','dose','TMT-J07AL02',1),
('VAX_J07AL02_064','​PREVNAR 13','dose','TMT-J07AL02',1),
('VAX_J07AM01_065','BETT','dose','TMT-J07AM01',1),
('VAX_J07AM01_066','BETT','dose','TMT-J07AM01',1),
('VAX_J07AM01_067','BIO-TT','dose','TMT-J07AM01',1),
('VAX_J07AM01_068','TETANA','dose','TMT-J07AM01',1),
('VAX_J07AM01_069','TETANUS TOXOID VACCINE ADSORBED','dose','TMT-J07AM01',1),
('VAX_J07AM01_070','TT VACCINE','dose','TMT-J07AM01',1),
('VAX_J07AM51_071','ADSORBED DT VACCINE','dose','TMT-J07AM51',1),
('VAX_J07AM51_072','ADSORBED Td VACCINE','dose','TMT-J07AM51',1),
('VAX_J07AM51_073','BE Td','dose','TMT-J07AM51',1),
('VAX_J07AM51_074','​Bio Td','dose','TMT-J07AM51',1),
('VAX_J07AM51_075','DIPHTHERIA AND TETANUS VACCINE ADSORBED FOR ADULTS AND ADOLESCENTS','dose','TMT-J07AM51',1),
('VAX_J07AM51_076','TD VAX','dose','TMT-J07AM51',1),
('VAX_J07AN01_077','BCG VACCINE (FREEZE-DRIED)','dose','TMT-J07AN01',1),
('VAX_J07AP03_078','TYPHIM VI','dose','TMT-J07AP03',1),
('VAX_J07BA02_079','Inactivated Japanese Encephalitis Vaccine for Human Use (Vero cell) Freeze-dried Final Bulk','dose','TMT-J07BA02',1),
('VAX_J07BA03_080','CD.JEVAX (Inj)','dose','TMT-J07BA03',1),
('VAX_J07BB02_081','ADIMFLU','dose','TMT-J07BB02',1),
('VAX_J07BB02_082','FLUQUADRI','dose','TMT-J07BB02',1),
('VAX_J07BB02_083','GC FLU','dose','TMT-J07BB02',1),
('VAX_J07BB02_084','GCFLU QUADRIVALENT','dose','TMT-J07BB02',1),
('VAX_J07BB02_085','INFLUENZA VACCINE','dose','TMT-J07BB02',1),
('VAX_J07BB02_086','INFLUENZA VACCINE','dose','TMT-J07BB02',1),
('VAX_J07BB02_087','INFLUVAC','dose','TMT-J07BB02',1),
('VAX_J07BB02_088','Influvac Tetra','dose','TMT-J07BB02',1),
('VAX_J07BB02_089','TETRAFLU','dose','TMT-J07BB02',1),
('VAX_J07BB02_090','VAXIGRIP','dose','TMT-J07BB02',1),
('VAX_J07BB02_091','VaxigripTetra','dose','TMT-J07BB02',1),
('VAX_J07BC01_092','BEVAC','dose','TMT-J07BC01',1),
('VAX_J07BC01_093','ENGERIX-B','dose','TMT-J07BC01',1),
('VAX_J07BC01_094','EUVAX B','dose','TMT-J07BC01',1),
('VAX_J07BC01_095','HEBERBIOVAC HB','dose','TMT-J07BC01',1),
('VAX_J07BC01_096','HEPATITIS B VACCINE (rDNA) (ADULT)','dose','TMT-J07BC01',1),
('VAX_J07BC01_097','HEPATITIS B VACCINE (rDNA) (PAEDIATRIC)','dose','TMT-J07BC01',1),
('VAX_J07BC01_098','REVAC-BMCF','dose','TMT-J07BC01',1),
('VAX_J07AE_099','Euvichol-Plus','dose','TMT-J07AE',1),
('VAX_J07AH_100','MENFIVE','dose','TMT-J07AH',1),
('VAX_J07AH08_101','MenQuadfi','dose','TMT-J07AH08',1),
('VAX_J07AH08_102','NIMENRIX','dose','TMT-J07AH08',1),
('VAX_J07AH09_103','BEXSERO','dose','TMT-J07AH09',1),
('VAX_J07AJ52_104','DTP VACCINE','dose','TMT-J07AJ52',1),
('VAX_J07AJ52_105','BOOSTAGEN-2','dose','TMT-J07AJ52',1),
('VAX_J07AL02_106','PREVNAR 20','dose','TMT-J07AL02',1),
('VAX_J07AL02_107','SII PNEUMOSIL 5 DOSE','dose','TMT-J07AL02',1),
('VAX_J07AL02_108','PNEUBEVAX 14','dose','TMT-J07AL02',1),
('VAX_J07AL02_109','PNEUBEVAX 14','dose','TMT-J07AL02',1),
('VAX_J07AL02_110','WEUPHORIA','dose','TMT-J07AL02',1),
('VAX_J07AL02_111','VAXNEUVANCE','dose','TMT-J07AL02',1),
('VAX_J07AL52_112','SYNFLORIX','dose','TMT-J07AL52',1),
('VAX_J07AL52_113','SYNFLORIX','dose','TMT-J07AL52',1),
('VAX_J07AM01_114','T-VAC','dose','TMT-J07AM01',1),
('VAX_J07BA_115','IMOJEV (R)','dose','TMT-J07BA',1),
('VAX_J07BA03_116','THAIJEV SINGLE DOSE','dose','TMT-J07BA03',1),
('VAX_J07BB02_117','TRI FLUVAC','dose','TMT-J07BB02',1),
('VAX_J07BB02_118','FLUARIX','dose','TMT-J07BB02',1),
('VAX_J07BB02_119','GPO CELLFLU','dose','TMT-J07BB02',1),
('VAX_J07BB02_120','EFLUELDA','dose','TMT-J07BB02',1),
('VAX_J07BB02_121','GPO-4 CELLFLU','dose','TMT-J07BB02',1),
('VAX_J07BB02_122','FLUARIX TETRA','dose','TMT-J07BB02',1),
('VAX_J07BB02_123','EFLUELDA TETRA','dose','TMT-J07BB02',1),
('VAX_J07BB02_124','SKYCellflu inj.','dose','TMT-J07BB02',1),
('VAX_J07BB02_125','SKYCELLFLU PREFILLED SYRINGE','dose','TMT-J07BB02',1),
('VAX_J07BB02_126','SKYCellflu Quadrivalent Prefilled Syringe','dose','TMT-J07BB02',1),
('VAX_J07BB02_127','FLUPREVLI','dose','TMT-J07BB02',1),
('VAX_J07BB03_128','FLUMIST','dose','TMT-J07BB03',1),
('VAX_J07BF_129','POLIOMYELITIS VACCINE (INACTIVATED)','dose','TMT-J07BF',1),
('VAX_J07BF03_130','ERAPOLIO','dose','TMT-J07BF03',1),
('VAX_J07BF03_131','EUPOLIO INJ.','dose','TMT-J07BF03',1),
('VAX_J07BF03_132','ERAPOLIO','dose','TMT-J07BF03',1),
('VAX_J07BH01_133','ROTAVAC 5D','dose','TMT-J07BH01',1),
('VAX_J07BH02_134','ROTASIIL-LIQUID','dose','TMT-J07BH02',1),
('VAX_J07BK_135','SHINGRIX','dose','TMT-J07BK',1),
('VAX_J07BK01_136','VARIVAX','dose','TMT-J07BK01',1),
('VAX_J07BM02_137','CECOLIN','dose','TMT-J07BM02',1),
('VAX_J07BX_138','ABRYSVO','dose','TMT-J07BX',1),
('VAX_J07BX03_139','HXP-GPOVAC','dose','TMT-J07BX03',1),
('VAX_J07BX04_140','QDENGA','dose','TMT-J07BX04',1),
('VAX_NA_141','AREXVY','dose','TMT-NA',1),
('VAX_J07CA02_142','BOOSTRIX POLIO','dose','TMT-J07CA02',1),
('VAX_J07CA02_143','INFANRIX (TM) - IPV','dose','TMT-J07CA02',1),
('VAX_J07CA02_144','TETRAXIM','dose','TMT-J07CA02',1),
('VAX_J07CA06_145','INFANRIX - IPV+HIb','dose','TMT-J07CA06',1),
('VAX_J07CA06_146','PENTAXIM','dose','TMT-J07CA06',1),
('VAX_J07CA09_147','INFANRIX HEXA','dose','TMT-J07CA09',1),
('VAX_J07CA09_148','HEXAXIM','dose','TMT-J07CA09',1),
('VAX_J07CA11_149','EUPENTA INJ.','dose','TMT-J07CA11',1),
('VAX_J07CA11_150','PENTABIO','dose','TMT-J07CA11',1),
('VAX_J07CA11_151','UNI 5','dose','TMT-J07CA11',1),
('DRG001','Paracetamol 500mg','tablet','TMT-PARA-500',0);

-- การจ่ายวัคซีน 45 วันย้อนหลัง (สุ่มผู้ป่วย + จำนวน) — มี hn = PII
INSERT INTO opitemrece (vn, hn, icode, qty, rxdate)
WITH RECURSIVE days(n) AS (
  SELECT 0 UNION ALL SELECT n + 1 FROM days WHERE n < 44)
SELECT
  CONCAT('VN', LPAD(FLOOR(RAND() * 1000000), 6, '0')) AS vn,
  ELT(1 + FLOOR(RAND() * 10),
      'HN0001','HN0002','HN0003','HN0004','HN0005',
      'HN0006','HN0007','HN0008','HN0009','HN0010') AS hn,
  d.icode,
  FLOOR(1 + RAND() * 8) AS qty,
  DATE_SUB(CURDATE(), INTERVAL days.n DAY) + INTERVAL FLOOR(RAND() * 10) HOUR AS rxdate
FROM days
JOIN (SELECT icode FROM drugitems WHERE is_vaccine = 1) d;

-- คลังระดับ lot — 1 ล็อตต่อวัคซีน จงใจวน แดง/เหลือง/เขียว ให้ VaxFlow จับ
INSERT INTO wh_drug_balance (warehouse, icode, lot_no, qty, expire_date, snapshot_date) VALUES
('MAIN','VAX_J07BC02_001','LOT-J07BC02-001',40, DATE_ADD(CURDATE(), INTERVAL 10 DAY), CURDATE()),
('MAIN','VAX_J07BC02_002','LOT-J07BC02-002',57, DATE_ADD(CURDATE(), INTERVAL 18 DAY), CURDATE()),
('MAIN','VAX_J07BC02_003','LOT-J07BC02-003',74, DATE_ADD(CURDATE(), INTERVAL 90 DAY), CURDATE()),
('MAIN','VAX_J07BC02_004','LOT-J07BC02-004',91, DATE_ADD(CURDATE(), INTERVAL 200 DAY), CURDATE()),
('MAIN','VAX_J07BC02_005','LOT-J07BC02-005',108, DATE_ADD(CURDATE(), INTERVAL 10 DAY), CURDATE()),
('MAIN','VAX_J07BC02_006','LOT-J07BC02-006',125, DATE_ADD(CURDATE(), INTERVAL 18 DAY), CURDATE()),
('MAIN','VAX_J07BC20_007','LOT-J07BC20-007',142, DATE_ADD(CURDATE(), INTERVAL 90 DAY), CURDATE()),
('MAIN','VAX_J07BD01_008','LOT-J07BD01-008',159, DATE_ADD(CURDATE(), INTERVAL 200 DAY), CURDATE()),
('MAIN','VAX_J07BD01_009','LOT-J07BD01-009',176, DATE_ADD(CURDATE(), INTERVAL 10 DAY), CURDATE()),
('MAIN','VAX_J07BD52_010','LOT-J07BD52-010',193, DATE_ADD(CURDATE(), INTERVAL 18 DAY), CURDATE()),
('MAIN','VAX_J07BD52_011','LOT-J07BD52-011',210, DATE_ADD(CURDATE(), INTERVAL 90 DAY), CURDATE()),
('MAIN','VAX_J07BD52_012','LOT-J07BD52-012',227, DATE_ADD(CURDATE(), INTERVAL 200 DAY), CURDATE()),
('MAIN','VAX_J07BD53_013','LOT-J07BD53-013',244, DATE_ADD(CURDATE(), INTERVAL 10 DAY), CURDATE()),
('MAIN','VAX_J07BD54_014','LOT-J07BD54-014',41, DATE_ADD(CURDATE(), INTERVAL 18 DAY), CURDATE()),
('MAIN','VAX_J07BD54_015','LOT-J07BD54-015',58, DATE_ADD(CURDATE(), INTERVAL 90 DAY), CURDATE()),
('MAIN','VAX_J07BF01_016','LOT-J07BF01-016',75, DATE_ADD(CURDATE(), INTERVAL 200 DAY), CURDATE()),
('MAIN','VAX_J07BF03_017','LOT-J07BF03-017',92, DATE_ADD(CURDATE(), INTERVAL 10 DAY), CURDATE()),
('MAIN','VAX_J07BF03_018','LOT-J07BF03-018',109, DATE_ADD(CURDATE(), INTERVAL 18 DAY), CURDATE()),
('MAIN','VAX_J07BF03_019','LOT-J07BF03-019',126, DATE_ADD(CURDATE(), INTERVAL 90 DAY), CURDATE()),
('MAIN','VAX_J07BF04_020','LOT-J07BF04-020',143, DATE_ADD(CURDATE(), INTERVAL 200 DAY), CURDATE()),
('MAIN','VAX_J07BF04_021','LOT-J07BF04-021',160, DATE_ADD(CURDATE(), INTERVAL 10 DAY), CURDATE()),
('MAIN','VAX_J07BG01_022','LOT-J07BG01-022',177, DATE_ADD(CURDATE(), INTERVAL 18 DAY), CURDATE()),
('MAIN','VAX_J07BG01_023','LOT-J07BG01-023',194, DATE_ADD(CURDATE(), INTERVAL 90 DAY), CURDATE()),
('MAIN','VAX_J07BG01_024','LOT-J07BG01-024',211, DATE_ADD(CURDATE(), INTERVAL 200 DAY), CURDATE()),
('MAIN','VAX_J07BG01_025','LOT-J07BG01-025',228, DATE_ADD(CURDATE(), INTERVAL 10 DAY), CURDATE()),
('MAIN','VAX_J07BG01_026','LOT-J07BG01-026',245, DATE_ADD(CURDATE(), INTERVAL 18 DAY), CURDATE()),
('MAIN','VAX_J07BG01_027','LOT-J07BG01-027',42, DATE_ADD(CURDATE(), INTERVAL 90 DAY), CURDATE()),
('MAIN','VAX_J07BG01_028','LOT-J07BG01-028',59, DATE_ADD(CURDATE(), INTERVAL 200 DAY), CURDATE()),
('MAIN','VAX_J07BG01_029','LOT-J07BG01-029',76, DATE_ADD(CURDATE(), INTERVAL 10 DAY), CURDATE()),
('MAIN','VAX_J07BG01_030','LOT-J07BG01-030',93, DATE_ADD(CURDATE(), INTERVAL 18 DAY), CURDATE()),
('MAIN','VAX_J07BH01_031','LOT-J07BH01-031',110, DATE_ADD(CURDATE(), INTERVAL 90 DAY), CURDATE()),
('MAIN','VAX_J07BH01_032','LOT-J07BH01-032',127, DATE_ADD(CURDATE(), INTERVAL 200 DAY), CURDATE()),
('MAIN','VAX_J07BH01_033','LOT-J07BH01-033',144, DATE_ADD(CURDATE(), INTERVAL 10 DAY), CURDATE()),
('MAIN','VAX_J07BJ01_034','LOT-J07BJ01-034',161, DATE_ADD(CURDATE(), INTERVAL 18 DAY), CURDATE()),
('MAIN','VAX_J07BK01_035','LOT-J07BK01-035',178, DATE_ADD(CURDATE(), INTERVAL 90 DAY), CURDATE()),
('MAIN','VAX_J07BK01_036','LOT-J07BK01-036',195, DATE_ADD(CURDATE(), INTERVAL 200 DAY), CURDATE()),
('MAIN','VAX_J07BK01_037','LOT-J07BK01-037',212, DATE_ADD(CURDATE(), INTERVAL 10 DAY), CURDATE()),
('MAIN','VAX_J07BK02_038','LOT-J07BK02-038',229, DATE_ADD(CURDATE(), INTERVAL 18 DAY), CURDATE()),
('MAIN','VAX_J07BK02_039','LOT-J07BK02-039',246, DATE_ADD(CURDATE(), INTERVAL 90 DAY), CURDATE()),
('MAIN','VAX_J07BL01_040','LOT-J07BL01-040',43, DATE_ADD(CURDATE(), INTERVAL 200 DAY), CURDATE()),
('MAIN','VAX_J07BM01_041','LOT-J07BM01-041',60, DATE_ADD(CURDATE(), INTERVAL 10 DAY), CURDATE()),
('MAIN','VAX_J07BM02_042','LOT-J07BM02-042',77, DATE_ADD(CURDATE(), INTERVAL 18 DAY), CURDATE()),
('MAIN','VAX_J07BM03_043','LOT-J07BM03-043',94, DATE_ADD(CURDATE(), INTERVAL 90 DAY), CURDATE()),
('MAIN','VAX_J07BX03_044','LOT-J07BX03-044',111, DATE_ADD(CURDATE(), INTERVAL 200 DAY), CURDATE()),
('MAIN','VAX_J07BX03_045','LOT-J07BX03-045',128, DATE_ADD(CURDATE(), INTERVAL 10 DAY), CURDATE()),
('MAIN','VAX_J07BX03_046','LOT-J07BX03-046',145, DATE_ADD(CURDATE(), INTERVAL 18 DAY), CURDATE()),
('MAIN','VAX_J07BX03_047','LOT-J07BX03-047',162, DATE_ADD(CURDATE(), INTERVAL 90 DAY), CURDATE()),
('MAIN','VAX_J07BX03_048','LOT-J07BX03-048',179, DATE_ADD(CURDATE(), INTERVAL 200 DAY), CURDATE()),
('MAIN','VAX_J07BX03_049','LOT-J07BX03-049',196, DATE_ADD(CURDATE(), INTERVAL 10 DAY), CURDATE()),
('MAIN','VAX_J07BX03_050','LOT-J07BX03-050',213, DATE_ADD(CURDATE(), INTERVAL 18 DAY), CURDATE()),
('MAIN','VAX_J07AE01_051','LOT-J07AE01-051',230, DATE_ADD(CURDATE(), INTERVAL 90 DAY), CURDATE()),
('MAIN','VAX_J07AE01_052','LOT-J07AE01-052',247, DATE_ADD(CURDATE(), INTERVAL 200 DAY), CURDATE()),
('MAIN','VAX_J07AG51_053','LOT-J07AG51-053',44, DATE_ADD(CURDATE(), INTERVAL 10 DAY), CURDATE()),
('MAIN','VAX_J07AJ51_054','LOT-J07AJ51-054',61, DATE_ADD(CURDATE(), INTERVAL 18 DAY), CURDATE()),
('MAIN','VAX_J07AJ51_055','LOT-J07AJ51-055',78, DATE_ADD(CURDATE(), INTERVAL 90 DAY), CURDATE()),
('MAIN','VAX_J07AJ51_056','LOT-J07AJ51-056',95, DATE_ADD(CURDATE(), INTERVAL 200 DAY), CURDATE()),
('MAIN','VAX_J07AJ52_057','LOT-J07AJ52-057',112, DATE_ADD(CURDATE(), INTERVAL 10 DAY), CURDATE()),
('MAIN','VAX_J07AJ52_058','LOT-J07AJ52-058',129, DATE_ADD(CURDATE(), INTERVAL 18 DAY), CURDATE()),
('MAIN','VAX_J07AJ52_059','LOT-J07AJ52-059',146, DATE_ADD(CURDATE(), INTERVAL 90 DAY), CURDATE()),
('MAIN','VAX_J07AJ52_060','LOT-J07AJ52-060',163, DATE_ADD(CURDATE(), INTERVAL 200 DAY), CURDATE()),
('MAIN','VAX_J07AJ52_061','LOT-J07AJ52-061',180, DATE_ADD(CURDATE(), INTERVAL 10 DAY), CURDATE()),
('MAIN','VAX_J07AL01_062','LOT-J07AL01-062',197, DATE_ADD(CURDATE(), INTERVAL 18 DAY), CURDATE()),
('MAIN','VAX_J07AL02_063','LOT-J07AL02-063',214, DATE_ADD(CURDATE(), INTERVAL 90 DAY), CURDATE()),
('MAIN','VAX_J07AL02_064','LOT-J07AL02-064',231, DATE_ADD(CURDATE(), INTERVAL 200 DAY), CURDATE()),
('MAIN','VAX_J07AM01_065','LOT-J07AM01-065',248, DATE_ADD(CURDATE(), INTERVAL 10 DAY), CURDATE()),
('MAIN','VAX_J07AM01_066','LOT-J07AM01-066',45, DATE_ADD(CURDATE(), INTERVAL 18 DAY), CURDATE()),
('MAIN','VAX_J07AM01_067','LOT-J07AM01-067',62, DATE_ADD(CURDATE(), INTERVAL 90 DAY), CURDATE()),
('MAIN','VAX_J07AM01_068','LOT-J07AM01-068',79, DATE_ADD(CURDATE(), INTERVAL 200 DAY), CURDATE()),
('MAIN','VAX_J07AM01_069','LOT-J07AM01-069',96, DATE_ADD(CURDATE(), INTERVAL 10 DAY), CURDATE()),
('MAIN','VAX_J07AM01_070','LOT-J07AM01-070',113, DATE_ADD(CURDATE(), INTERVAL 18 DAY), CURDATE()),
('MAIN','VAX_J07AM51_071','LOT-J07AM51-071',130, DATE_ADD(CURDATE(), INTERVAL 90 DAY), CURDATE()),
('MAIN','VAX_J07AM51_072','LOT-J07AM51-072',147, DATE_ADD(CURDATE(), INTERVAL 200 DAY), CURDATE()),
('MAIN','VAX_J07AM51_073','LOT-J07AM51-073',164, DATE_ADD(CURDATE(), INTERVAL 10 DAY), CURDATE()),
('MAIN','VAX_J07AM51_074','LOT-J07AM51-074',181, DATE_ADD(CURDATE(), INTERVAL 18 DAY), CURDATE()),
('MAIN','VAX_J07AM51_075','LOT-J07AM51-075',198, DATE_ADD(CURDATE(), INTERVAL 90 DAY), CURDATE()),
('MAIN','VAX_J07AM51_076','LOT-J07AM51-076',215, DATE_ADD(CURDATE(), INTERVAL 200 DAY), CURDATE()),
('MAIN','VAX_J07AN01_077','LOT-J07AN01-077',232, DATE_ADD(CURDATE(), INTERVAL 10 DAY), CURDATE()),
('MAIN','VAX_J07AP03_078','LOT-J07AP03-078',249, DATE_ADD(CURDATE(), INTERVAL 18 DAY), CURDATE()),
('MAIN','VAX_J07BA02_079','LOT-J07BA02-079',46, DATE_ADD(CURDATE(), INTERVAL 90 DAY), CURDATE()),
('MAIN','VAX_J07BA03_080','LOT-J07BA03-080',63, DATE_ADD(CURDATE(), INTERVAL 200 DAY), CURDATE()),
('MAIN','VAX_J07BB02_081','LOT-J07BB02-081',80, DATE_ADD(CURDATE(), INTERVAL 10 DAY), CURDATE()),
('MAIN','VAX_J07BB02_082','LOT-J07BB02-082',97, DATE_ADD(CURDATE(), INTERVAL 18 DAY), CURDATE()),
('MAIN','VAX_J07BB02_083','LOT-J07BB02-083',114, DATE_ADD(CURDATE(), INTERVAL 90 DAY), CURDATE()),
('MAIN','VAX_J07BB02_084','LOT-J07BB02-084',131, DATE_ADD(CURDATE(), INTERVAL 200 DAY), CURDATE()),
('MAIN','VAX_J07BB02_085','LOT-J07BB02-085',148, DATE_ADD(CURDATE(), INTERVAL 10 DAY), CURDATE()),
('MAIN','VAX_J07BB02_086','LOT-J07BB02-086',165, DATE_ADD(CURDATE(), INTERVAL 18 DAY), CURDATE()),
('MAIN','VAX_J07BB02_087','LOT-J07BB02-087',182, DATE_ADD(CURDATE(), INTERVAL 90 DAY), CURDATE()),
('MAIN','VAX_J07BB02_088','LOT-J07BB02-088',199, DATE_ADD(CURDATE(), INTERVAL 200 DAY), CURDATE()),
('MAIN','VAX_J07BB02_089','LOT-J07BB02-089',216, DATE_ADD(CURDATE(), INTERVAL 10 DAY), CURDATE()),
('MAIN','VAX_J07BB02_090','LOT-J07BB02-090',233, DATE_ADD(CURDATE(), INTERVAL 18 DAY), CURDATE()),
('MAIN','VAX_J07BB02_091','LOT-J07BB02-091',250, DATE_ADD(CURDATE(), INTERVAL 90 DAY), CURDATE()),
('MAIN','VAX_J07BC01_092','LOT-J07BC01-092',47, DATE_ADD(CURDATE(), INTERVAL 200 DAY), CURDATE()),
('MAIN','VAX_J07BC01_093','LOT-J07BC01-093',64, DATE_ADD(CURDATE(), INTERVAL 10 DAY), CURDATE()),
('MAIN','VAX_J07BC01_094','LOT-J07BC01-094',81, DATE_ADD(CURDATE(), INTERVAL 18 DAY), CURDATE()),
('MAIN','VAX_J07BC01_095','LOT-J07BC01-095',98, DATE_ADD(CURDATE(), INTERVAL 90 DAY), CURDATE()),
('MAIN','VAX_J07BC01_096','LOT-J07BC01-096',115, DATE_ADD(CURDATE(), INTERVAL 200 DAY), CURDATE()),
('MAIN','VAX_J07BC01_097','LOT-J07BC01-097',132, DATE_ADD(CURDATE(), INTERVAL 10 DAY), CURDATE()),
('MAIN','VAX_J07BC01_098','LOT-J07BC01-098',149, DATE_ADD(CURDATE(), INTERVAL 18 DAY), CURDATE()),
('MAIN','VAX_J07AE_099','LOT-J07AE-099',166, DATE_ADD(CURDATE(), INTERVAL 90 DAY), CURDATE()),
('MAIN','VAX_J07AH_100','LOT-J07AH-100',183, DATE_ADD(CURDATE(), INTERVAL 200 DAY), CURDATE()),
('MAIN','VAX_J07AH08_101','LOT-J07AH08-101',200, DATE_ADD(CURDATE(), INTERVAL 10 DAY), CURDATE()),
('MAIN','VAX_J07AH08_102','LOT-J07AH08-102',217, DATE_ADD(CURDATE(), INTERVAL 18 DAY), CURDATE()),
('MAIN','VAX_J07AH09_103','LOT-J07AH09-103',234, DATE_ADD(CURDATE(), INTERVAL 90 DAY), CURDATE()),
('MAIN','VAX_J07AJ52_104','LOT-J07AJ52-104',251, DATE_ADD(CURDATE(), INTERVAL 200 DAY), CURDATE()),
('MAIN','VAX_J07AJ52_105','LOT-J07AJ52-105',48, DATE_ADD(CURDATE(), INTERVAL 10 DAY), CURDATE()),
('MAIN','VAX_J07AL02_106','LOT-J07AL02-106',65, DATE_ADD(CURDATE(), INTERVAL 18 DAY), CURDATE()),
('MAIN','VAX_J07AL02_107','LOT-J07AL02-107',82, DATE_ADD(CURDATE(), INTERVAL 90 DAY), CURDATE()),
('MAIN','VAX_J07AL02_108','LOT-J07AL02-108',99, DATE_ADD(CURDATE(), INTERVAL 200 DAY), CURDATE()),
('MAIN','VAX_J07AL02_109','LOT-J07AL02-109',116, DATE_ADD(CURDATE(), INTERVAL 10 DAY), CURDATE()),
('MAIN','VAX_J07AL02_110','LOT-J07AL02-110',133, DATE_ADD(CURDATE(), INTERVAL 18 DAY), CURDATE()),
('MAIN','VAX_J07AL02_111','LOT-J07AL02-111',150, DATE_ADD(CURDATE(), INTERVAL 90 DAY), CURDATE()),
('MAIN','VAX_J07AL52_112','LOT-J07AL52-112',167, DATE_ADD(CURDATE(), INTERVAL 200 DAY), CURDATE()),
('MAIN','VAX_J07AL52_113','LOT-J07AL52-113',184, DATE_ADD(CURDATE(), INTERVAL 10 DAY), CURDATE()),
('MAIN','VAX_J07AM01_114','LOT-J07AM01-114',201, DATE_ADD(CURDATE(), INTERVAL 18 DAY), CURDATE()),
('MAIN','VAX_J07BA_115','LOT-J07BA-115',218, DATE_ADD(CURDATE(), INTERVAL 90 DAY), CURDATE()),
('MAIN','VAX_J07BA03_116','LOT-J07BA03-116',235, DATE_ADD(CURDATE(), INTERVAL 200 DAY), CURDATE()),
('MAIN','VAX_J07BB02_117','LOT-J07BB02-117',252, DATE_ADD(CURDATE(), INTERVAL 10 DAY), CURDATE()),
('MAIN','VAX_J07BB02_118','LOT-J07BB02-118',49, DATE_ADD(CURDATE(), INTERVAL 18 DAY), CURDATE()),
('MAIN','VAX_J07BB02_119','LOT-J07BB02-119',66, DATE_ADD(CURDATE(), INTERVAL 90 DAY), CURDATE()),
('MAIN','VAX_J07BB02_120','LOT-J07BB02-120',83, DATE_ADD(CURDATE(), INTERVAL 200 DAY), CURDATE()),
('MAIN','VAX_J07BB02_121','LOT-J07BB02-121',100, DATE_ADD(CURDATE(), INTERVAL 10 DAY), CURDATE()),
('MAIN','VAX_J07BB02_122','LOT-J07BB02-122',117, DATE_ADD(CURDATE(), INTERVAL 18 DAY), CURDATE()),
('MAIN','VAX_J07BB02_123','LOT-J07BB02-123',134, DATE_ADD(CURDATE(), INTERVAL 90 DAY), CURDATE()),
('MAIN','VAX_J07BB02_124','LOT-J07BB02-124',151, DATE_ADD(CURDATE(), INTERVAL 200 DAY), CURDATE()),
('MAIN','VAX_J07BB02_125','LOT-J07BB02-125',168, DATE_ADD(CURDATE(), INTERVAL 10 DAY), CURDATE()),
('MAIN','VAX_J07BB02_126','LOT-J07BB02-126',185, DATE_ADD(CURDATE(), INTERVAL 18 DAY), CURDATE()),
('MAIN','VAX_J07BB02_127','LOT-J07BB02-127',202, DATE_ADD(CURDATE(), INTERVAL 90 DAY), CURDATE()),
('MAIN','VAX_J07BB03_128','LOT-J07BB03-128',219, DATE_ADD(CURDATE(), INTERVAL 200 DAY), CURDATE()),
('MAIN','VAX_J07BF_129','LOT-J07BF-129',236, DATE_ADD(CURDATE(), INTERVAL 10 DAY), CURDATE()),
('MAIN','VAX_J07BF03_130','LOT-J07BF03-130',253, DATE_ADD(CURDATE(), INTERVAL 18 DAY), CURDATE()),
('MAIN','VAX_J07BF03_131','LOT-J07BF03-131',50, DATE_ADD(CURDATE(), INTERVAL 90 DAY), CURDATE()),
('MAIN','VAX_J07BF03_132','LOT-J07BF03-132',67, DATE_ADD(CURDATE(), INTERVAL 200 DAY), CURDATE()),
('MAIN','VAX_J07BH01_133','LOT-J07BH01-133',84, DATE_ADD(CURDATE(), INTERVAL 10 DAY), CURDATE()),
('MAIN','VAX_J07BH02_134','LOT-J07BH02-134',101, DATE_ADD(CURDATE(), INTERVAL 18 DAY), CURDATE()),
('MAIN','VAX_J07BK_135','LOT-J07BK-135',118, DATE_ADD(CURDATE(), INTERVAL 90 DAY), CURDATE()),
('MAIN','VAX_J07BK01_136','LOT-J07BK01-136',135, DATE_ADD(CURDATE(), INTERVAL 200 DAY), CURDATE()),
('MAIN','VAX_J07BM02_137','LOT-J07BM02-137',152, DATE_ADD(CURDATE(), INTERVAL 10 DAY), CURDATE()),
('MAIN','VAX_J07BX_138','LOT-J07BX-138',169, DATE_ADD(CURDATE(), INTERVAL 18 DAY), CURDATE()),
('MAIN','VAX_J07BX03_139','LOT-J07BX03-139',186, DATE_ADD(CURDATE(), INTERVAL 90 DAY), CURDATE()),
('MAIN','VAX_J07BX04_140','LOT-J07BX04-140',203, DATE_ADD(CURDATE(), INTERVAL 200 DAY), CURDATE()),
('MAIN','VAX_NA_141','LOT-NA-141',220, DATE_ADD(CURDATE(), INTERVAL 10 DAY), CURDATE()),
('MAIN','VAX_J07CA02_142','LOT-J07CA02-142',237, DATE_ADD(CURDATE(), INTERVAL 18 DAY), CURDATE()),
('MAIN','VAX_J07CA02_143','LOT-J07CA02-143',254, DATE_ADD(CURDATE(), INTERVAL 90 DAY), CURDATE()),
('MAIN','VAX_J07CA02_144','LOT-J07CA02-144',51, DATE_ADD(CURDATE(), INTERVAL 200 DAY), CURDATE()),
('MAIN','VAX_J07CA06_145','LOT-J07CA06-145',68, DATE_ADD(CURDATE(), INTERVAL 10 DAY), CURDATE()),
('MAIN','VAX_J07CA06_146','LOT-J07CA06-146',85, DATE_ADD(CURDATE(), INTERVAL 18 DAY), CURDATE()),
('MAIN','VAX_J07CA09_147','LOT-J07CA09-147',102, DATE_ADD(CURDATE(), INTERVAL 90 DAY), CURDATE()),
('MAIN','VAX_J07CA09_148','LOT-J07CA09-148',119, DATE_ADD(CURDATE(), INTERVAL 200 DAY), CURDATE()),
('MAIN','VAX_J07CA11_149','LOT-J07CA11-149',136, DATE_ADD(CURDATE(), INTERVAL 10 DAY), CURDATE()),
('MAIN','VAX_J07CA11_150','LOT-J07CA11-150',153, DATE_ADD(CURDATE(), INTERVAL 18 DAY), CURDATE()),
('MAIN','VAX_J07CA11_151','LOT-J07CA11-151',170, DATE_ADD(CURDATE(), INTERVAL 90 DAY), CURDATE());
